TP9,AF7,AF8,TP10,Label
0.17207871131997254,0.6707299953536258,0.8114394861267274,0.4655162399542787,right
0.5455949131405485,0.8561939407749062,0.7823444563642015,0.48180269992182156,right
0.08385902162876757,0.2848385020430795,0.035155393103590726,0.7565087693218343,left
0.022341499556209343,0.9582762755629549,0.2623842500254969,0.710359155211585,right
0.3648262829428892,0.7273211335524,0.646545920467415,0.34407451533434263,left
0.10691460304049027,0.4567603569770877,0.21892775437516887,0.24139705383678856,right
0.6608165111517983,0.04357415840257384,0.17847754671364546,0.48425790584929806,right
0.5164758038234496,0.9996682393760916,0.28041282914471166,0.8740199094166248,left
0.08423338980492545,0.981977830086268,0.4182682787686378,0.5492727387035952,right
0.029286793817395407,0.8232158644206308,0.08642444954468032,0.8178970816861796,left
0.024514560476202596,0.15236463885650087,0.23546660765777228,0.6934699318610675,right
0.7727270254847164,0.3269433216025778,0.3910175300019262,0.308934812865182,left
0.11458711674024802,0.6287010639162584,0.67011765416306,0.38630472221663315,right
0.08426884277655156,0.3754263646884062,0.9229146287748904,0.6712176124668887,right
0.2683890038140563,0.8766761135177114,0.7829958997969637,0.8670966837768748,left
0.10577663016103656,0.16303660947925003,0.4312250736183191,0.6079207386530415,right
0.7149480231673556,0.22528838504126159,0.6922237825041209,0.144251797474235,right
0.039654922429071204,0.8922096379715273,0.9440647738839707,0.5900205948712557,left
0.10990871636426791,0.24355165256894218,0.8654777888636771,0.7498744007201423,right
0.570816339245968,0.7879972405251838,0.7095307294785708,0.4090705841353386,left
0.5405862173329402,0.38159699034999317,0.8531757240358134,0.16692644586958338,right
0.594309186592503,0.22794911850443467,0.5401866914685184,0.8717866227382671,right
0.9399967183815942,0.21347378947725448,0.0788265824322617,0.1130056616219468,left
0.5499278776696885,0.0867731532374546,0.42040895767650943,0.35900449000181267,left
0.6786001102013058,0.8915668639163098,0.5481972598089071,0.5969176067668317,left
0.8272345267019153,0.0009548224057259747,0.5462072448896033,0.9079957942173936,right
0.8005944862034731,0.6591446044790826,0.25234679039581476,0.588609056405752,right
0.030929646390010057,0.13811453904551207,0.16675815623225898,0.4240776934167534,right
0.04312494970900227,0.27087728591502924,0.7242324656301347,0.4563328539546534,left
0.016571220800374653,0.6176659949065247,0.6732485897063818,0.2848663307722681,left
0.9390259831457388,0.34084523956441903,0.8323798378470795,0.35694137771483403,right
0.3029477196878868,0.9315482448823528,0.9896055827258917,0.650570212043287,left
0.9270564009843089,0.7776126383270384,0.3835132844365611,0.8729165239898213,left
0.25927351912464436,0.709144578116297,0.044040814134687634,0.7743115105896947,left
0.3726913102926088,0.2586448100195662,0.7097976975229157,0.17670112640062174,left
0.7674148583022681,0.8347670836994537,0.5783048268972023,0.9352891168777718,left
0.05682233731418507,0.787457950372902,0.026992458358212623,0.5078187412556932,right
0.4732930776716987,0.2660933288303796,0.914050744487235,0.8890732358874182,left
0.9559649956283068,0.16828036724533424,0.18557262972916444,0.46011004024323254,right
0.46764173745079896,0.6112205073854328,0.6193702438015491,0.16113982306150443,right
0.11107698760548324,0.7903053540186463,0.34798730604783756,0.4271228585678539,left
0.8879959341837944,0.11228223739743526,0.9328656182280266,0.08771872795761204,right
0.006528530448540959,0.6031371820178986,0.8847493720919909,0.539980134229594,left
0.7904894448041268,0.431440957874727,0.5587261664886121,0.6847418606430818,right
0.6944061259973935,0.25429032315131195,0.39899716958471665,0.062108315004431924,left
0.1753157760505233,0.9008400184768678,0.7011536318755592,0.17262552332460057,right
0.3384003874897181,0.8766684933834444,0.6843392428655845,0.07715673732806982,right
0.029066399737908255,0.8942904218488243,0.9079808012829996,0.44364506267880766,left
0.5375517906017976,0.5127655913550886,0.9559364869664295,0.5452000673823588,right
0.4178374360941677,0.21102643375178742,0.26296390114194657,0.4928990036637493,left
0.21529997268690748,0.4579436736089,0.6195303356405778,0.0818895850131538,left
0.7813996101829019,0.677314467138867,0.7167741297965113,0.23847438643302288,left
0.3870082991615824,0.31065808720402177,0.9914728739910067,0.832813790240734,left
0.19164734956614593,0.3582574291945204,0.8442489784750764,0.042642220680760734,right
0.6964649157481398,0.4891992885892176,0.6429677723390883,0.39797686369798657,right
0.8985802421378289,0.4245557909953739,0.8645982718327427,0.7854895088418284,left
0.5032916145640208,0.5828973223147529,0.4826757588289762,0.14695157124073988,left
0.38710639294807936,0.2058937113064805,0.0461541529945918,0.7670604911379935,right
0.3078377580004731,0.608304799152576,0.10154790729330132,0.8149457057124846,left
0.2584435798959873,0.5925720336622918,0.7404987138836067,0.6048357962378392,left
0.340441100386885,0.18037419301841107,0.8473950433690683,0.18721965435796928,right
0.4265361314248267,0.30907920385365795,0.39233146847100686,0.4605771011731933,left
0.7750050318404194,0.24401391980468268,0.32648276941253496,0.2242012541283438,left
0.5252586731726671,0.7764326869824603,0.0960427568660912,0.7311024141701092,right
0.04558730148069812,0.6228630783135823,0.4727904039467211,0.8419059890914716,left
0.4797873452941974,0.1619202018674758,0.44265436631094013,0.9374597821510714,right
0.5597488658013834,0.3693280238971186,0.5222149178942332,0.9446314081996012,right
0.5723448005094464,0.5669050239769441,0.469392780085334,0.41176691094780504,right
0.5257349883332118,0.9032006059930802,0.48321458028939457,0.08408972442053486,left
0.005320193613700175,0.01967595311882875,0.7570533371186648,0.16497512351097254,left
0.059795567522963555,0.6305733899058518,0.7117126982113169,0.222806899801135,right
0.4853358170835542,0.11583730090089994,0.7101631214295392,0.18850934158751687,right
0.16967472440777787,0.9881208198085027,0.6519087475366957,0.8331624058091542,left
0.2763006443764957,0.5686717694460627,0.45217369008394803,0.8871726818641428,left
0.3031486159647212,0.09454565839154039,0.5606865639117115,0.4155520732183815,right
0.7025149247329283,0.8770910586487439,0.5490605697905944,0.8583983479178395,right
0.6176669954691462,0.9835659781902667,0.12411527840780612,0.5884553690526796,left
0.2603698782914582,0.4233875389669025,0.5018183876080688,0.4174888407149614,left
0.6893432846910469,0.8034258130304448,0.7093360293475688,0.8901100802811107,left
0.7646998874509431,0.8156473552877345,0.9124549079684676,0.7089244823484311,right
0.6071464846497099,0.8288597952036604,0.9774342833364591,0.07800262725223062,left
0.4054734872969581,0.5524657417059807,0.2906913042978536,0.5945457191954028,left
0.31089398782637045,0.7995900787259064,0.25688052021772634,0.1497013541401726,right
0.44639548677671215,0.35465139677636026,0.2796468751013902,0.6161332109706381,right
0.6830305993614572,0.9775803560815864,0.5888817926333199,0.44634387231211925,right
0.8483452988465783,0.3097603458452347,0.8126906198225882,0.2796853067752435,right
0.6068549759372878,0.8187724355915578,0.6173894355049769,0.17297918219867747,right
0.38853245964599015,0.5543911785423451,0.2514282666925399,0.23497944527674042,left
0.8783343164216063,0.34624964398586433,0.535775400021492,0.9908027597498081,right
0.24844414564122297,0.1831106038889726,0.9000595195681145,0.31556375044241636,right
0.6803496602762874,0.9965709291397149,0.698544624236556,0.8595847139216946,right
0.7770890210986193,0.29021121705737674,0.3509838516031788,0.23421423043525336,left
0.7315237400756828,0.3377027654253426,0.5686120757869921,0.5972244145841773,left
0.8200684808606461,0.8020355758860006,0.862683999434312,0.25048673308645675,left
0.6708941850931611,0.037429074123598305,0.8931029637543793,0.5599373434541232,right
0.751292017996779,0.694582953719817,0.46111072062366076,0.6486264841748155,right
0.33000459449900643,0.8960339586587907,0.7371036072576148,0.8042849491908645,left
0.7356601348202927,0.8817486186817074,0.15332583314085246,0.16213761917640812,right
0.19406242230675907,0.9958606050592891,0.10834702388997364,0.8731989625945367,left
0.2861257855520519,0.05479734520714297,0.2104845603625065,0.7809749150281499,right
0.1330827420168279,0.35283528304222667,0.4136432845592367,0.780835101614647,right
0.6378620123610258,0.4517717668802984,0.32117997609639004,0.5651308267389878,right
0.7606942232483614,0.5778343245443122,0.993273135151505,0.233766481031081,right
0.6107816734195791,0.0997733290853734,0.1888826776233603,0.5980001362329092,left
0.7543697831648356,0.01662323477418426,0.28777075202156543,0.8388314705690525,left
0.6627969869076573,0.023817349292690748,0.7174398909161238,0.5050711931441186,left
0.1282299490153226,0.7629749499448656,0.8925047426541071,0.652315854393706,left
0.346535021757292,0.2853498076560764,0.6722024685911243,0.7031126885360317,right
0.25776232400135846,0.2650764998784202,0.4464806025387358,0.8853891218159846,right
0.8617146911618493,0.8536868584499454,0.30231230136237475,0.5571510407543158,left
0.9415040440165755,0.38371101714854994,0.9170260322077836,0.5794526163830807,left
0.891028395944389,0.026710948979652094,0.09144714110999597,0.662904886101308,right
0.8563753591180957,0.125372056650772,0.2135419339696215,0.16725410985124123,right
0.27860014236541975,0.026338385103339967,0.6474502297369904,0.6540989022032042,right
0.7260834558980062,0.47838048049701154,0.6929707934025429,0.7911577893189534,right
0.08208397273610024,0.5025052665403322,0.2926032854484032,0.20806796093506386,right
0.95586481691622,0.8995202476247723,0.9061018132627637,0.9762509625106136,right
0.10510721848190396,0.1211775055941966,0.0017986536260997665,0.8996395133929257,left
0.6284006487898828,0.5503461635491618,0.6101720626904065,0.807348849747347,right
0.16017217022186447,0.5612771840107533,0.5518432499001925,0.5268752628475172,right
0.659936735436016,0.14110081982220757,0.18697251985149144,0.37127429165294523,right
0.5087424380842183,0.32702215738386686,0.3865304826555809,0.5971767603643929,left
0.2617070997628673,0.09666664476982822,0.11834251886485314,0.6542448187277882,right
0.3995234055288611,0.908597009216911,0.3075033574880537,0.2554587960309527,right
0.35633157940877713,0.3980492843939094,0.7196594930818779,0.08675100784240086,right
0.32785920014970127,0.156381540993073,0.12343674432331109,0.42614331986182585,left
0.042835887958527996,0.7573842358190803,0.2692563730787998,0.7393577996175268,right
0.08338638368869644,0.4078497506547243,0.7600398661667432,0.3551375093228728,right
0.5803758895165572,0.45226686493002954,0.16549280974558112,0.6032215499920873,right
0.6894328961815256,0.4484820923601075,0.7126859993239925,0.5663852808593849,left
0.985388699163898,0.6724643832006453,0.3561039816284679,0.10909825824552888,left
0.5009564085368474,0.5923976331122792,0.5510488788106336,0.6759542424619132,right
0.9799872169395524,0.22194578346204086,0.9083156371455842,0.5944109183447781,left
0.10033175868749222,0.2829208126829288,0.293485530769679,0.5480807975789016,left
0.6394820482244187,0.4842402107916781,0.7402779203574108,0.8412130695175262,left
0.9480360503303913,0.5938971334182306,0.0194895274148722,0.34720620658037926,right
0.4131291159551528,0.10040426436445626,0.45032778653505734,0.01689815418395424,right
0.37767727838848353,0.6950980368462494,0.9471570026623543,0.9656856549424442,right
0.8411547684900844,0.3771347105847739,0.56437272891893,0.8711534174866761,right
0.768937310340338,0.22334448163746634,0.5938333154213419,0.44918715330170744,left
0.8455945714224616,0.01132199216746077,0.8474537873586083,0.3618014597014355,left
0.9155009686716462,0.6282133547370387,0.952083999957803,0.09921667297421433,left
0.09693978358002908,0.904374894752398,0.9690114443964415,0.03891279506201761,left
0.325132090878957,0.7253451723909561,0.04200505103364183,0.7345880138386989,right
0.4194233124113055,0.3482246786252138,0.45812469703304914,0.34043016210355015,left
0.5116546419585702,0.07520962177868784,0.5756407759588056,0.7813706200104238,left
0.7061430214059815,0.25734347597402585,0.48095886068626537,0.34701197353990443,right
0.5505685304568942,0.6497308570362832,0.8267840642030891,0.36606407484155934,left
0.5482185997568416,0.5025120354671839,0.7560793287937672,0.575192029633744,right
0.7079288701425013,0.3148518864007044,0.5667032739466367,0.49672793656769487,right
0.7741432079001616,0.30476088678244173,0.1355503897195609,0.9197310651300075,right
0.9252244909302686,0.26553014853414614,0.4070595221300445,0.30264962977819043,left
0.7175971988575465,0.16897613218088392,0.5184472640705727,0.17589400353356333,right
0.42988265197505704,0.8406678984758783,0.25035109586396675,0.8859766584947294,left
0.6913277900564165,0.3948194935197147,0.8345748385518454,0.9706441077336891,right
0.12343050062325633,0.7053470482622405,0.8181772259018892,0.6432176676815587,left
0.3087099123508461,0.27893573619217815,0.5250917462298741,0.22246488375292583,right
0.1832418347165099,0.003390516737541871,0.3799466188898022,0.7645890238696011,right
0.9758037909773176,0.41381483303331335,0.5013672823581304,0.6884941847967773,left
0.47025658775548806,0.5973471383235589,0.6360547109924106,0.6812676397439724,left
0.7144179392135732,0.7797715824160872,0.8253382289198242,0.03509683036195954,left
0.7874872510150772,0.7566856447858764,0.15573141489186992,0.31974399196188164,left
0.2045722234694919,0.9415433708202725,0.011562843713331383,0.9802174687259199,left
0.9437314770770473,0.0967960789576332,0.3858686444316697,0.28627623159198357,right
0.8822928154059186,0.5076727991541756,0.6154982300254833,0.02699126916600081,right
0.8009432145851283,0.8386866706749654,0.06913159089806431,0.5209351921917386,right
0.26007695149260157,0.0633658261597404,0.8642879808360169,0.7347145099277285,right
0.8703444368872384,0.5648132721718655,0.9275826678890682,0.7871078541774099,right
0.7522599090622585,0.06428145044372935,0.547073929763404,0.3769041646505993,left
0.027100621208303477,0.5887503673237877,0.9709940863349705,0.9213086836665415,right
0.6648741867833468,0.7023940968761744,0.8104411515048425,0.7048984931910257,right
0.6390906141652882,0.3104212716328367,0.3887670416377619,0.12169684599046537,right
0.48072362300378846,0.7554384086426058,0.8061287553145291,0.14428053516405115,right
0.5158524354942723,0.09571381867623419,0.8213395077147745,0.22329101324408807,left
0.899991322625245,0.05903587905427754,0.27782453338299806,0.9091911570507241,left
0.15489061704063922,0.996415529408288,0.8703889389052359,0.046933087404065876,right
0.9031784421606943,0.8009464749719388,0.3953486764146589,0.3424897653400212,right
0.19130359213674086,0.6492964439972941,0.42365483295646933,0.9603591681177093,left
0.4643689571602224,0.6603306142148726,0.7152827406744773,0.290637722781789,left
0.3115941058641566,0.5221348412292655,0.2645136507414859,0.8733071305889161,left
0.4970599892054628,0.12214863370694895,0.4245082637480865,0.4959599736629885,left
0.8250986936023759,0.18000463384893484,0.9653631767387433,0.29240455535813104,left
0.5439373497988376,0.027829146228863122,0.3145353772127465,0.5857318761360397,right
0.4016016999200078,0.8156577267313821,0.20098947311352344,0.7828818083213184,left
0.02426076225826934,0.794626425947481,0.2810254977437653,0.46684659049713473,left
0.7495196472279897,0.01724023181849188,0.8181205227164542,0.43794410631637437,right
0.49404055583092576,0.5016658910089902,0.7814165004411954,0.07805650327189728,right
0.05470092302910212,0.95842900955821,0.08684120732664358,0.16687053611922753,right
0.29792444020964803,0.054630762178550785,0.5464138082791659,0.4511104073713109,left
0.9080727953995839,0.8439059522253078,0.5184083874799443,0.5014994277981042,right
0.9551426585091214,0.029715873281779936,0.8489645687501736,0.4101344727718551,right
0.8110698488470973,0.29245215421362025,0.7416838241202933,0.351131646426321,left
0.8998865804890311,0.855075711353831,0.991947886204279,0.2730536520641119,right
0.14271040198988016,0.9434052472347944,0.7153856946002362,0.9248769318542074,right
0.21451104204631466,0.6855447905172845,0.3152816794626121,0.643132682653089,left
0.14709919191245024,0.8358436075986025,0.13269405258042644,0.7507242565445804,right
0.2826862664608396,0.6761805541635941,0.0864559812240635,0.6676296166791932,right
0.8538411119858732,0.2460585537833524,0.5362643055429034,0.015517162050306954,right
0.9953664124450373,0.6408399111232389,0.989729972023143,0.3013276341589526,right
0.5756091861524958,0.4041651037187154,0.8966661566304647,0.924786805639421,right
0.7685269852828517,0.2756904313329469,0.9453970599293614,0.5562326990083145,left
0.6547013440854584,0.8421309191656923,0.2979271710850294,0.40538299037905157,left
0.6645830287498615,0.1771436350546418,0.0035834151073363962,0.5305066278954451,right
0.7292975883571504,0.09637466759758917,0.44626213393241365,0.2709860271750292,right
0.4737260442883906,0.22720913697895107,0.6906047704173792,0.9712044221853602,right
0.038734709584240856,0.6381576336258206,0.34863644837627394,0.9109041928119403,left
0.26311945796726655,0.5845788570388537,0.03535593120094782,0.4082963871945807,right
0.2824523226467738,0.32394205071317395,0.2688512593991189,0.6269699780140185,right
0.8118324833283174,0.1823760232409425,0.6569371430009436,0.9804831303416724,right
0.1470038149584717,0.36465631480340566,0.8764888711270385,0.6907412351026773,right
0.030477254110664598,0.7563562335671277,0.7876640601943354,0.4077439551853228,right
0.9041531916414521,0.5719344543010998,0.3363778495062182,0.2455545797528521,right
0.5547915456141256,0.872714657917465,0.902043335396776,0.5074198550536564,right
0.12739205689629618,0.4375929303184857,0.4287978932217438,0.21195065718629935,left
0.25812945626726735,0.5969698267909623,0.7798059915811562,0.8673400219185529,left
0.3110904894210098,0.8332066708878126,0.19107716931971952,0.0832272233366832,left
0.3355452944597682,0.9665601441184992,0.9835476867838137,0.13881112710678345,right
0.44231017882614154,0.9757375841197428,0.14589916469938136,0.8198872331431578,right
0.8485375302992746,0.5096011994364255,0.04089790654422565,0.628644166696365,left
0.42083696633573864,0.05897676653386996,0.7936967083130531,0.33192573137192294,left
0.35610873642259866,0.3425096035594636,0.1824739030532162,0.4463915737355607,left
0.014002070427961977,0.0842170392911401,0.9245418110802384,0.5156887698289951,right
0.2570854704254245,0.55340015053366,0.7165112692377945,0.16237525513245044,left
0.3950831944173391,0.6356322810639558,0.8389077583405747,0.7122262643628677,right
0.9233710570674658,0.42026296403283425,0.7537358358046805,0.4465168346564198,right
0.26769910504584293,0.7435260516594048,0.5981197407452747,0.4520633862826302,left
0.06374539924715428,0.4463543502630545,0.026773233159754106,0.44252363159538166,left
0.6029298582597683,0.4360962991698478,0.002724816883414749,0.003085413305782825,left
0.6610281597897779,0.0770172631051409,0.6372815298499238,0.5339808435964761,right
0.4180492724506426,0.06803662639006669,0.8737726833537122,0.45542370541841304,left
0.5757206441671663,0.1730801557238123,0.17696781822408292,0.019066185581158246,right
0.2451946251869095,0.20272372988146536,0.01077220685368585,0.027384739378518375,left
0.35578801150586614,0.8106633837538647,0.1365908075237534,0.7179007980916948,left
0.7685273447178734,0.2002427054477699,0.354948550704123,0.19931735439431886,right
0.2790282018086726,0.40831851518680806,0.7843114261210344,0.1422510901367574,left
0.6505807422470402,0.5745195074150674,0.42524210036936105,0.8060572223212298,left
0.9427810507409851,0.4028127599121235,0.9904592211831472,0.07550866337392048,right
0.40082160895794783,0.9191962506212691,0.538601852548779,0.3827517597159634,right
0.4102505784803978,0.44071223028674966,0.911858420998218,0.2366175741082165,left
0.5210436429816995,0.7498165844242627,0.20232434268538502,0.7121980769211437,right
0.9458115983439627,0.8458365414085792,0.08783358178624712,0.3903442560220426,left
0.7501595589548998,0.587829009585936,0.8555486948360197,0.29957104574456905,right
0.29857551976672136,0.8138240584266527,0.5314393214521369,0.8190956558407856,right
0.7681693794271853,0.5767374345393312,0.7540413118641248,0.8123917585063736,right
0.5341137874876803,0.48833019940834144,0.21900055017486808,0.13742953761565768,left
0.9539010003791973,0.7029814630430737,0.22731877028339376,0.6822185280611707,right
0.7690384588843696,0.9329250333097001,0.3250993522424972,0.6355415671637901,left
0.904964842759284,0.3914127230875746,0.11323324656810818,0.46200019439070505,right
0.6312697474481357,0.8770347232788382,0.95575421882813,0.7497151300159947,right
0.7903625090068438,0.22128721476538316,0.36059937084394045,0.45107679207937046,right
0.9702758281500681,0.31803633045212176,0.7523816738330649,0.8504792697853641,right
0.5171575786717224,0.5210559607915634,0.7704007839390609,0.9299133575638238,left
0.6316911204469009,0.1675283297596396,0.11727960929855641,0.524237661946404,right
0.26739146050467033,0.6725063310338956,0.28507075980151875,0.8364746265208383,left
0.5128689160520811,0.33686427728678003,0.8005089563341817,0.5494277585336873,left
0.09373032485711474,0.5555122118732244,0.1595585681483066,0.6930568366986861,left
0.9195143920135318,0.4812969893384619,0.5258045597638072,0.27936724479248176,right
0.8757795374274595,0.6743277946781014,0.6572822695025679,0.6474409077980555,right
0.947786995204867,0.12653855900238886,0.841136154957542,0.05826280309322762,left
0.7446796593989577,0.805754696624432,0.8864880733072694,0.14028014732051175,left
0.07957548130751757,0.1080841518253941,0.9832368298277125,0.04015957487047117,right
0.44842512390546374,0.848799284032517,0.9566018301076529,0.6198833437375122,left
0.3861533936982181,0.27829042700284357,0.05884596504128348,0.952395660341057,right
0.9318373789166307,0.554416201781477,0.42897427117241727,0.7835175145303347,left
0.7950749275374398,0.3701421601406356,0.3666395193553764,0.4584826517859313,right
0.6548636706865356,0.24576427805125767,0.519555458375746,0.7274831071709638,left
0.791676058912652,0.8760741818947552,0.5593929666558932,0.10675710778243164,right
0.24440060018462095,0.9929439190459257,0.9599814877280188,0.837050850490956,left
0.9002138418137692,0.16213015368174089,0.6869330748474607,0.6495063129893458,right
0.9806896395370653,0.21663930563999068,0.06143851172651327,0.14324661526936533,left
0.939105669354244,0.6311173095257558,0.7401833802991069,0.7187765869570063,left
0.9286759728643607,0.7199976039900647,0.7664082135456882,0.0652881702092235,right
0.592619633207053,0.8479211817899398,0.943929120966275,0.19095684595106777,left
0.6895487494221869,0.9913864039706807,0.1747817297338865,0.857259373136743,left
0.11647104689600496,0.5148696397537648,0.8347151567036606,0.3834786323271332,left
0.183040745590344,0.256424578620813,0.4282553655758695,0.22242324058089313,right
0.12034246647003888,0.8155633331129009,0.11022994573524503,0.3647575655411882,left
0.09855528046645867,0.9089590272345542,0.5226259724218083,0.8438481570007664,right
0.15066569931650242,0.5650522583357476,0.4007636579295383,0.6734674502946811,left
0.6052336865319623,0.5098854938107046,0.6660538211187689,0.8034535069153314,right
0.7523462866116708,0.8468942984211619,0.43925820170876495,0.9695681824569977,right
0.8879527866308953,0.31260133086269526,0.1257008344552697,0.8763370877715014,right
0.1554815153754332,0.8213080676053324,0.23706759207365968,0.6987873212689656,right
0.49765401423668343,0.8716111052200064,0.5474836661387277,0.03584529380431267,right
0.9168959404812976,0.3182272893713419,0.1260055159974195,0.26025561316466084,left
0.9707220494640018,0.6118294443143061,0.7795070267509618,0.34560243740559016,right
0.532165033652305,0.8048109970978178,0.623311215477587,0.294687684169305,right
0.09139086191996715,0.24323000471308842,0.8209336801327412,0.3717799182920921,right
0.4285321075324062,0.6833391864023026,0.36600753558588295,0.5496324015600437,left
0.9115689652975904,0.07096083825631705,0.26129424209453334,0.8390723581426426,left
0.48981363152949986,0.23093088653384708,0.17165322437823338,0.7133287499660111,right
0.8392615565462149,0.8282960953823387,0.2897446470160583,0.36198951862651374,left
0.32154326823927426,0.22017518692202598,0.3884492120378015,0.6313232639152538,left
0.651871126737005,0.5698179747626,0.8008902430121796,0.8788876829694671,left
0.0014857239309848946,0.43543613279986493,0.5520297531214488,0.8518448134978939,right
0.4256319818358134,0.03681275317206356,0.7890262459779946,0.3665363456388435,left
0.7833208554259945,0.3216381415393761,0.8938660510777704,0.9150637533270696,right
0.4137121204543921,0.3340646172299754,0.013533088606647481,0.7142868640531925,right
0.6151080755808842,0.10539370794556113,0.24273861017070442,0.47311382462325,right
0.36108312701027345,0.49406736493508774,0.5269422142196413,0.037601408971651096,left
0.4139078849846205,0.0335930470795992,0.12972023782217723,0.4346555892055787,right
0.23956225147486054,0.48100559733345527,0.5355946603118847,0.3581910719693757,right
0.8753153093830931,0.4426084502355181,0.4929791059159957,0.6095133121030312,right
0.8727479314372848,0.7289437832441569,0.40477777498550316,0.1619639614649716,left
0.6085069884276798,0.8496943102225611,0.4131059839835275,0.49910363947991465,left
0.0794747598156017,0.981194202916784,0.5065660164729395,0.272790892709303,right
0.9456071775560806,0.3417934847100902,0.6612595307333187,0.541892248295691,left
0.012983739529615734,0.361281547123684,0.0938229970002572,0.7728883756950068,right
0.2913814395482953,0.3802193893350294,0.5430999671011961,0.085407562027349,right
0.4028937337148679,0.0794610972550619,0.539738864167155,0.14716434538103873,right
0.12166520336005837,0.5997226506224329,0.8000185953101346,0.0308546976173375,right
0.6306723145443984,0.9428478030274995,0.9546083749891257,0.3277908908317445,right
0.5758570808490785,0.40809514716265904,0.35951478526560365,0.40657098761780497,right
0.4375542329817411,0.1797042407165107,0.9481955231166315,0.2625130150856504,right
0.4119543710797966,0.6537982922751998,0.9517023315071959,0.004494721648185207,left
0.38972014210784645,0.8236047037411226,0.1870614393279213,0.2216429230210275,left
0.2947480084790306,0.24062051799526596,0.19200084247985416,0.7729597614407954,left
0.7352210520715722,0.5104958287605372,0.1524391793174622,0.1847260914416189,right
0.7895838521950644,0.12272074008644329,0.2248044427234306,0.1308360414718115,left
0.32600363928711373,0.03061681216077139,0.15720590203516227,0.013110294146108759,right
0.5895233557730576,0.6716169995430818,0.452306941769578,0.7300351759626096,left
0.5303725811437054,0.20088578866877105,0.031584897994599515,0.24067026978906902,left
0.6031006822818422,0.8457905127857317,0.3626493753293417,0.3916072715504658,right
0.16969471740548248,0.336819613330652,0.03353826541570981,0.7959341271853051,right
0.33844438839089286,0.4708010248143917,0.7572987819729956,0.07616837259716103,left
0.34526101724942915,0.179629757545272,0.330762226789472,0.9663277404274596,left
0.6601628704280088,0.221914983987342,0.5200432271787535,0.9681289022029916,left
0.8976194611121124,0.3206741591778466,0.47234966124724886,0.36104895915570623,right
0.899473530478387,0.153603031852953,0.8356034984932941,0.060072995319251254,right
0.7604204497433366,0.558196084509775,0.41100551307566857,0.5991984824444642,right
0.5518364833568463,0.575334745856677,0.25043590382768854,0.6346439606986495,left
0.24922335852016853,0.9435773103298828,0.8321899843223389,0.37941808593844306,right
0.3674735216813013,0.018178999696248255,0.33301674341505083,0.3114696267810042,right
0.2990622265479328,0.4721587911964725,0.8682042271223318,0.264877920063892,left
0.616762953833799,0.5409335716079275,0.9261768411691528,0.7422767827605004,right
0.3156515130036064,0.11821012867465253,0.3040441796217578,0.7553561946965321,right
0.8941196021004273,0.25440825104409237,0.477327434502813,0.7387248609094326,left
0.6603481158704652,0.7764118933977109,0.25433404102502266,0.12508898346976582,right
0.5713137014256071,0.5896867500881003,0.6730622787110419,0.0580601343506586,left
0.8668744829490798,0.7860832237165412,0.18270714363549956,0.45592662458118294,right
0.8207515300142868,0.8703326399826504,0.2238516512545078,0.1621745054181698,left
0.9460800213683345,0.7697105303021664,0.045506229996034375,0.5490136722576727,left
0.6150075575184816,0.082775014825481,0.19719789242727281,0.633075528442558,left
0.8806128932522288,0.7233081132464162,0.006260170034321888,0.2940353710644158,left
0.5021458012563823,0.7493849986522767,0.4406100618152905,0.47263577673970814,right
0.7558371182334467,0.008096963346776676,0.9338734753755326,0.45729398928677345,left
0.8514929687431948,0.8839994735889524,0.6247083772205442,0.9332395498974908,right
0.45565901695327615,0.9344730834819919,0.6077950188893488,0.9772328357840543,right
0.21083263039898859,0.22202915116177568,0.5024249043523121,0.02776654103315701,right
0.36501624823791634,0.049275692942878146,0.5055870144813985,0.753021334993188,left
0.16020077073333638,0.05509423491552756,0.3413776088814261,0.05643106624965433,left
0.4057088790637494,0.23588112029229247,0.545474605607468,0.17299365169587455,left
0.4732308893035916,0.23835386349020204,0.9095205217366149,0.3111794996048358,left
0.16956019410118373,0.5736929378668854,0.49195144583226336,0.23973769060423566,right
0.7979480034186144,0.16147686801603311,0.7073717967851499,0.7820761648160207,right
0.6076528035879879,0.744664032089556,0.365129556788907,0.4029338417823175,right
0.6668014763547897,0.05591432906404703,0.289991947199279,0.4247988313149518,left
0.9413294588089616,0.1778173844597447,0.6024052027442172,0.31531390750031085,right
0.7816262978022274,0.9333224035333791,0.2744522204019386,0.45872640837513856,left
0.8513525740087479,0.027660285732938106,0.7204014009997743,0.6928618034226676,left
0.21465379502587212,0.9005151977316044,0.7998599060472182,0.35300054834088834,right
0.33818074059190595,0.259704561125941,0.061347626439766434,0.39437493231230436,left
0.003079686741335519,0.9513709199635187,0.9488852271659667,0.04502802536795247,left
0.9709554814724974,0.5382757362642266,0.6287115984597198,0.967975669628355,left
0.3831366755025267,0.296623837862114,0.695756332732137,0.8937609224037812,right
0.9183365406891678,0.24623992998992195,0.5007544403532385,0.618916029904817,left
0.4497984666998186,0.8151737039380403,0.04083545151406409,0.08811694592688157,right
0.12040572919891024,0.2663322788243353,0.9565143326826783,0.2949858437205264,right
0.2944933897801598,0.43324270465066983,0.719486017216508,0.21436468999274083,right
0.41654251588634705,0.9989009699536399,0.5554857120350625,0.40114146870794853,left
0.690500581692859,0.4566358577349374,0.5550553791147846,0.6410830358117033,right
0.5560686247320548,0.3959454700797973,0.8993426501233963,0.07106407311083263,right
0.5484738040696917,0.3236299163099201,0.6476767952803929,0.08481671057605733,left
0.7379902306281696,0.6418545419243272,0.649826657870421,0.7004815822661711,right
0.43372192937497955,0.9350584495679665,0.055358704703179495,0.8393409014095058,left
0.2954032012821469,0.6020389927953568,0.06465325709121683,0.8315767909617783,left
0.1329805255146389,0.20758917349724948,0.8484191438612795,0.14990883794986387,right
0.4980665123763537,0.6406328933716279,0.46678420393348763,0.4963041724549667,left
0.8745451704386783,0.1653369294897158,0.9840930101280162,0.5316748833199276,right
0.2547769255594623,0.13354014686108384,0.439180248588077,0.49256992372580966,right
0.648598581037787,0.5561297686464128,0.03142351007831379,0.338201540952631,left
0.8456515743772787,0.7103368900794232,0.6713686405848159,0.021595514909255487,right
0.776318840510703,0.36093200575870155,0.4769219257220101,0.8531334090626751,right
0.6185698320319343,0.690609371700801,0.08840094060781756,0.6830777739906542,left
0.12377640213568275,0.6574533734999175,0.028104990471790825,0.09823638788896782,left
0.008163147972178098,0.8736809176679501,0.7617345992964696,0.7086190070591022,right
0.9535425452960822,0.1358524281693898,0.8351465647373116,0.08726568921457278,left
0.8878843905729215,0.36475414984465016,0.09027953321748217,0.590068284842384,left
0.24232767402846334,0.4607938132412631,0.43286237443226483,0.24593136106181346,right
0.9805365274032607,0.16005823533542485,0.9312556024994366,0.010957616271483284,right
0.34266678202172596,0.03796201245006714,0.3219515447199177,0.49435625649442483,right
0.9080925343229952,0.3351136457225091,0.06128593307915864,0.6244509282085212,left
0.9598803151861057,0.014046299808231022,0.2492295268481094,0.47941497918130505,left
0.8684030782279222,0.10408308433966817,0.31700539457265897,0.27777727054988766,right
0.03787176453260943,0.5026989820579785,0.24306644604789396,0.400920779803863,left
0.3494914687583004,0.5893538106983303,0.9372528502449096,0.5686300713397392,right
0.8203288695854046,0.1714279480553701,0.9228652992501232,0.05879635051643828,right
0.2308620051703183,0.5748325882741427,0.21625304116907895,0.06608991069593528,right
0.21880298082595806,0.14867771608399405,0.5031705720040374,0.10574829007736442,left
0.38825436539153235,0.6531036222191483,0.3097782985142187,0.6213341793276246,right
0.7192927482473783,0.4595088166913843,0.21920629983161344,0.9991986689198248,right
0.38573187969461875,0.8200372456672316,0.2606946836402487,0.5609887052650903,left
0.8315751197680219,0.6908038730679357,0.3657374806423972,0.4773024129943937,right
0.09521805815192674,0.450091259675912,0.486222610443214,0.7648054215628948,right
0.5505218995083534,0.005371158527470499,0.09481123505567246,0.4369930020495232,right
0.5873097297278808,0.0978907988403972,0.44691085104368256,0.41437842338047326,left
0.08899720102289077,0.031186051141320226,0.011849782763558192,0.42639900535111774,right
0.4644843834703699,0.9495405341088333,0.5100351972982822,0.6513484306868863,left
0.2804771130222916,0.28354485735177515,0.4983432575126254,0.34894997302833275,right
0.7834384218232395,0.18070775477767942,0.21191550743248233,0.18377317582049302,left
0.8306561021455371,0.6894715451494964,0.06796738820339543,0.7631023671231358,right
0.018641625233604908,0.029211514171262554,0.8659948649610318,0.02854126725850914,right
0.8271868485873354,0.9467335239790575,0.39399502867669567,0.29317969408628386,left
0.5059399591453987,0.6329740524351454,0.06424977994381387,0.5432553807824612,right
0.6121745782189226,0.5906675152723886,0.6403215942344183,0.29563279439872747,right
0.8251546303477403,0.3774236750633042,0.7859003412572285,0.09464212391022953,left
0.02114592275463234,0.6695958565296828,0.7293747684367365,0.5029270293796718,left
0.05926240872034483,0.7856573341316515,0.11591600030392246,0.6190461811906204,right
0.24605753907348293,0.5435413833798025,0.5983058055691559,0.641157262173202,right
0.386504536715636,0.5895362883263096,0.5614003118772277,0.8514020768082884,right
0.5983413299147299,0.5191959161430454,0.4520143359938449,0.8258943002426382,right
0.4951111747907234,0.34625763105264273,0.3077896648795527,0.4067436592317555,left
0.16209486772551385,0.583336823580106,0.7792242923499542,0.9809827559922252,right
0.5712531455157048,0.9044493200346346,0.4374115314228314,0.9512130455621604,right
0.6026732560516023,0.4756807505866707,0.9301978900513307,0.6322327737526432,left
0.6788811681986764,0.3250954136165455,0.7662650456746569,0.508308037123604,right
0.8356519016293359,0.19314195395584421,0.27985939397374193,0.27657715332737143,right
0.17061441066863914,0.8492277595615774,0.6043519429316803,0.6514917464869581,left
0.9648795598238168,0.8602695881998365,0.49828242833582603,0.8828923291018379,right
0.3432621841993293,0.5152567693059448,0.02637740715378145,0.8627108315958031,right
0.33249952289039264,0.4678929731910272,0.31813732555751906,0.3724618784336564,right
0.6404181969087693,0.28667208179120596,0.776223457695531,0.8033822568840859,right
0.47829982383325165,0.5409542781518158,0.9711498970462069,0.33414095459214044,right
0.8519314384271081,0.11590457362601814,0.14665683111355843,0.49070603696512904,right
0.022507784331468383,0.9079141964830744,0.6297304453797781,0.23156354471015894,right
0.6332111979945545,0.8424079719388456,0.7348711702014136,0.7356115115443915,left
0.4024229413687016,0.5134062682406861,0.10125559657588357,0.6935451296090785,left
0.33398295864914607,0.3234924837137655,0.15690721396412965,0.9953516197722835,left
0.6425551616183318,0.5709817219680067,0.7561657515522844,0.10316342581899784,left
0.8516304064558485,0.7380148207613936,0.22052820257457084,0.2859126719320364,right
0.2929755876939527,0.5912440642355813,0.99386956114064,0.9433753767922445,left
0.5236740401356996,0.373506448557397,0.717388685704613,0.13868965587637117,right
0.7184430269591261,0.7542077007184756,0.15999736410672039,0.951385487325777,left
0.668612004972216,0.7193451732226308,0.3321956831694327,0.3960235436818925,left
0.8457225385114071,0.9731608858870063,0.9244012032317446,0.03518797353103498,right
0.614759851797779,0.18745114713410793,0.8750013416246615,0.388893823098588,right
0.1729074699704949,0.5367609802333011,0.08453330047581542,0.4184917364662202,left
0.6692487174073599,0.09425237357167848,0.7736164107348548,0.5056747285592952,left
0.9312163137820555,0.7100764080792764,0.4408364084475883,0.9913297992609305,left
0.14369176206196177,0.883516300474293,0.970034858384228,0.32809639087237275,right
0.4815676819912269,0.2926313207267719,0.7115664323174693,0.7670921963542201,right
0.9050438973709799,0.40831896091505726,0.34687823769114323,0.5338645549876042,right
0.6937444015839849,0.33264947967051484,0.6721841901879793,0.12080414012395568,left
0.5632611421708534,0.8995444847608034,0.1533789675264382,0.257864899551723,left
0.010189398960483098,0.5819407233644036,0.5609259149832025,0.19145676793541988,right
0.25146010686183207,0.17759717652562057,0.9037885080984137,0.5393898829614279,left
0.30173530660373404,0.10937613734256024,0.646186418551854,0.645313125389685,left
0.20794019893745097,0.145353959594816,0.1528651529038102,0.5085680637817398,left
0.42666369411784255,0.9278374160729403,0.18382652436670766,0.49597585636702046,right
0.383823892878405,0.4877029473315645,0.5095601614932335,0.3944229147402002,right
0.8032436457503198,0.24576964261286327,0.5866994490865342,0.5265898405369688,left
0.5099062871146377,0.4115977946957622,0.758996772607766,0.8890659156353566,left
0.7411241864246437,0.1415459839222749,0.015467649145999296,0.7639095334230543,right
0.4275440684285621,0.40994167178350904,0.8341477816322819,0.4670499052395164,right
0.28456824873279607,0.560379989364927,0.7699778441724792,0.6861249377945358,left
0.36037848783844506,0.938954640385387,0.010715105400160851,0.12797582819529663,right
0.9128264605402177,0.33755578025234556,0.07824215656288858,0.8678371725432389,left
0.8319194878925955,0.24615387380678067,0.7784444488630375,0.6178477813907536,left
0.49674062571565425,0.9630777199522397,0.846399096467753,0.7058751170925216,right
0.22777192630524912,0.486988609145632,0.3164701962231534,0.4985135761958679,right
0.9114953847154689,0.33460984538272875,0.15197299262883246,0.8753016136565633,left
0.08287127695987528,0.04312825415593857,0.14030889195312612,0.1901938280158979,right
0.320575486167604,0.3946367652653576,0.3855705022219563,0.8149695859418654,left
0.13688912616563764,0.8433165060586747,0.5121631571868502,0.8722283715453857,left
0.5296722544808024,0.6427297890636616,0.6319707118847474,0.2662697901574015,left
0.34569419465328044,0.6273435339407568,0.7120725518981046,0.1865598929784663,right
0.27231701402809627,0.747689217399465,0.916477539933094,0.9880919288477584,left
0.7637872123934518,0.4633751923830465,0.8891668398588839,0.43707034360147856,left
0.03081708288139995,0.7794016260805139,0.4450035888213446,0.8337642532979318,right
0.4222140441581943,0.660354418769856,0.173692502413882,0.6688901722291783,left
0.7280667472221838,0.013323811067174618,0.17509920749251973,0.5283285658172658,right
0.726501291869883,0.019559354359968584,0.29155105196550113,0.9560379250325569,left
0.09951225407013675,0.2460163070699748,0.442235527369379,0.569501378564233,left
0.2481655041215255,0.8778938169636705,0.5305968516068609,0.2723446726131342,right
0.1990222450265159,0.3539933818605424,0.8677866859259031,0.7764258406575937,right
0.6332556448072115,0.18941441535467252,0.4953491744821985,0.6867476693202961,right
0.7140868242621193,0.24162542993148495,0.5947343012646803,0.7111109507776052,right
0.9075965348283926,0.30140508334215854,0.3273045788301413,0.5641682911744953,left
0.6464652929310807,0.368520579893169,0.452719736420807,0.6455004383479686,left
0.14589430813464022,0.9655086944546195,0.18677505467978617,0.7590857618301081,left
0.6147792342847206,0.47468807677000535,0.5953626739702091,0.8170487885796351,right
0.46496627545909286,0.21837108014774154,0.8448129560319231,0.5197690458658563,right
0.5629497529287828,0.2701359911465371,0.8083101114097396,0.37493829552287317,right
0.33551588378748487,0.36732381836047734,0.5106224045867651,0.4143649996285108,left
0.5051069309766522,0.5237118907084991,0.08567169115693318,0.7056795544519521,right
0.05611201329138482,0.3547829321402307,0.025050569038150394,0.8668048012847371,left
0.48672682396569256,0.06519542852844251,0.6225663268827908,0.3023308921095216,right
0.4585742819655749,0.6545455951338582,0.8619097237777569,0.2971654983247076,right
0.09295712632633502,0.21914145717436984,0.7341938706527393,0.533102887399237,left
0.9412162479056294,0.3695312796747312,0.9930252976844112,0.38242539321889324,left
0.8967395573828976,0.21235197214896573,0.5855930668489399,0.05673260686213344,right
0.1632615025486498,0.2817708038893286,0.3749495028005895,0.4015499424652791,left
0.46660996215087924,0.9631229724838372,0.9864214777060694,0.08547959075275346,right
0.7911222473383817,0.7007594808165275,0.4634490532329605,0.22104624123322703,left
0.4470317907934357,0.10219299517418212,0.49173930169355273,0.9924574744225219,right
0.17380937759809578,0.05135269821501676,0.4165029180946419,0.7746500682778709,left
0.5347711195254102,0.8840896265840643,0.5975092348287117,0.1603065407566956,right
0.027861454594557578,0.9503280546921143,0.8182178367368373,0.8491385177480433,right
0.3898697039529423,0.09350360422172688,0.2048144712508161,0.19429833551431752,left
0.6875318976925655,0.6602213111129227,0.45508748320533643,0.028737570736228624,left
0.9242474344936503,0.8943856265891845,0.05310764520281164,0.7697924813681123,left
0.1522377366273584,0.789190877276536,0.005924990070194869,0.5980619668631069,right
0.20999539653953425,0.04302649524917723,0.6413421971487318,0.291226279390178,left
0.4634626104629832,0.2953552777703653,0.942334705714314,0.2521492113468954,left
0.7286135595645242,0.8490211252384541,0.7422982983636206,0.24081163563796415,left
0.8941580880004832,0.7363893651791473,0.0019608991357450423,0.5759714401011765,left
0.5015471675730353,0.3764085026620986,0.36207178524477923,0.431158213135297,right
0.4417874399363678,0.648593874288123,0.12327358449840575,0.5953531914267413,left
0.34055874852970436,0.03616661123806253,0.2025325934803558,0.861357444124706,right
0.7249038098202402,0.7708589820392847,0.2939873220708461,0.37678020105223786,left
0.7404229225465749,0.3627885312181178,0.2570401892008799,0.2742191691203537,left
0.9346679138354618,0.21903001451784399,0.38745711228869006,0.07207395557722895,right
0.9896014186807569,0.2524787243721165,0.7072129419371236,0.8054192486440723,left
0.2451071773499791,0.8667034355930102,0.03382380223336845,0.9115639056331623,right
0.9665735326541485,0.2470336489102466,0.4132433012082076,0.33330390695451984,right
0.36349841582576925,0.7029126670689798,0.49778662681072616,0.5340309914443315,right
0.9651053466184577,0.9896674085289962,0.22183741540009094,0.37086284715760687,left
0.6784438129097308,0.8672502663650383,0.0933287798167507,0.9683687293680678,left
0.3045811599123063,0.21876390029625425,0.10415296000769403,0.28719778147511044,left
0.5957470169678788,0.827856320733269,0.30574102725927665,0.4048467932479598,left
0.3366266930323766,0.9948461070726722,0.5539175774458585,0.11003423436994098,right
0.41912253048790005,0.1864674249759325,0.0664821045128583,0.5685183802393309,left
0.20235471575376263,0.7593299443103143,0.48304200957970544,0.6153650396022764,right
0.9194134882077366,0.699282967186711,0.2801422798126971,0.38677945190571594,left
0.11173436467323872,0.680203968707266,0.11973391348287599,0.13443600188797644,left
0.08366772956493229,0.1321683041906312,0.760120727400105,0.658074266758226,left
0.3137234675004591,0.398084860076122,0.12881803719619622,0.09866387444755087,right
0.09995516620428457,0.24357585607849774,0.5527157279803581,0.2605991278041687,right
0.5220538608386087,0.907427347191915,0.2784039479361696,0.4019889176264094,right
0.5112819469409049,0.7524543409342876,0.8184617543542115,0.9258195335430683,left
0.26535767458370707,0.16328131397014822,0.9984635552582524,0.5933164921034753,left
0.26487313521317635,0.5033797250932563,0.8563502512362652,0.30329389767327575,right
0.017475648314948633,0.8821428949000416,0.17588575988370025,0.9775743775069299,right
0.8751152980868319,0.27067378924069174,0.6945329799014023,0.5771905253346673,left
0.7394997064232783,0.1883327326053893,0.42213992511488907,0.01516773275278982,right
0.6552404604788853,0.34060437612656635,0.027896258522899564,0.5063125479520323,right
0.8841779745074347,0.0887581776423021,0.23334594815154408,0.32913823682526,left
0.8422989675729835,0.7338631040272765,0.33693484407919816,0.5561459018546503,left
0.042936522465114146,0.858306201398696,0.6390033443324257,0.7754620894193205,left
0.51399762379631,0.17124117461594246,0.296096384801814,0.8265342314771124,right
0.9846144853111717,0.6306088925342928,0.6346351478368129,0.13829124407748217,right
0.9974813042932115,0.5826094583207181,0.48512038854569217,0.14786904416288216,right
0.7427307233943414,0.9216037506811409,0.7195927955044207,0.02180100247705674,left
0.0709101762499541,0.3153228819523386,0.6938424975056439,0.03759738714675709,left
0.2401425561403312,0.9607019635234033,0.029010474634648786,0.15021264186018046,left
0.6928326637293835,0.6052540336539458,0.11443869304708076,0.9429063881473237,right
0.032165668477056375,0.4511471939466871,0.7638564548915312,0.38292039627423846,right
0.8126541430992885,0.23469221811873653,0.13430111802867117,0.044493972652235536,left
0.019443572480586813,0.07120416292751286,0.505149702524715,0.17893790401700682,right
0.20382574214478,0.13668205568906033,0.8443400006077255,0.31615201251435154,left
0.5438321427259655,0.35881360438219134,0.17568131424233757,0.160388253693312,left
0.5561777412802088,0.9067850082023767,0.11128999384379912,0.18476652051530007,right
0.2069057370596762,0.2611315100770364,0.21592456903874624,0.5558851668300436,right
0.38965082241095006,0.021698093393667794,0.7720145125745058,0.24195265532072174,left
0.06092285244489759,0.17209727139992537,0.18040159159335156,0.8273009361751155,left
0.2131060215032753,0.7156777693834718,0.9414834830929824,0.4358757539649545,left
0.19518227685198153,0.3670626445508762,0.052389514732749776,0.15318513486777907,right
0.6422881738952679,0.6599264654122803,0.546147809687255,0.6937314810269813,right
0.31941580999670405,0.34018732807552243,0.35518054619676687,0.45774311172249016,right
0.8209912051837351,0.6763075020395921,0.65154549106903,0.7916107263836518,right
0.2587872867811978,0.9704698966440571,0.8411947021195589,0.9031292103024701,left
0.5743643377092355,0.02695006702324121,0.5325198747457507,0.7056135059824545,left
0.42002825176028946,0.49260140410222597,0.31516441037189413,0.8907917665150943,left
0.46015365072490844,0.5912220388759634,0.15377460254168163,0.611195333175395,left
0.7923485818949849,0.08551222201422792,0.34028960286221865,0.4739667632821425,left
0.5020724500778891,0.6940159629568624,0.4254766433597549,0.6074719823000515,right
0.9162868796519477,0.6496550365021093,0.9823404137694187,0.5532912684473189,left
0.6645027053869078,0.5008464956234294,0.6195008681117964,0.3646466217030202,left
0.9544764011169051,0.9431915551243772,0.6423896661423268,0.2076024665877917,left
0.5061239854463327,0.11549737650980962,0.869424815217861,0.006434929945414725,left
0.615825074693462,0.946738493066434,0.09900658767526294,0.12631804928363288,left
0.43597747386727803,0.8827653875825546,0.4906999950016592,0.943957527593393,right
0.5967072848551059,0.4563297407790916,0.8135746322011544,0.7049738835658548,left
0.9361104520031435,0.22619726368585968,0.1427750563772151,0.8572550537823732,left
0.1580784723480433,0.4304630935442769,0.18649813212835264,0.5197486579598506,left
0.9102292574554444,0.6779855721491164,0.6925935113710981,0.34712962612839127,right
0.45747631607738415,0.10924965203649917,0.3404412898814424,0.9038069824066292,right
0.11963514078783599,0.574397260185318,0.8330657722251483,0.6475031546637242,right
0.9882878426733094,0.6892359282445387,0.12455621019472451,0.26943767774829663,left
0.9259268903882836,0.9516977803659169,0.46364046084486876,0.39678133385007996,right
0.5961977116741003,0.1593753036528014,0.6946209616899952,0.5200515259267925,left
0.06289397915900019,0.4732929999105243,0.7926649685594116,0.3678920138461793,right
0.24753340317955586,0.8808968350325267,0.21126827486650102,0.37473305389238576,right
0.5116322045407946,0.4033647361519269,0.14523759509769374,0.027455598996758757,left
0.33267152586908244,0.9616520778343778,0.7993225024150735,0.6896408886081504,left
0.5694345075529782,0.30570950271442965,0.25100308042045705,0.0789188169673255,left
0.7140113624337626,0.3568723909021879,0.5227016752733116,0.7401247878052543,right
0.4367084572365324,0.10697828065401527,0.37442544726824245,0.18658663315860002,left
0.4374622804102698,0.13313673495361011,0.5164086348958158,0.2229473040904113,right
0.9521266293010743,0.14763518089799899,0.19197520245882493,0.10104806792739662,right
0.7914547741047275,0.0019748182199258446,0.26393851440499805,0.32249002859697296,left
0.42423949493370205,0.9206416841226577,0.5415506461408282,0.7102967993426637,left
0.19318144957436578,0.7499209095480239,0.47936806102758567,0.9385073731479611,left
0.2180939848596266,0.985975071827338,0.8180467892085614,0.24634789295814563,right
0.9554610430118523,0.9421716383792883,0.579619908775762,0.5486867907694519,right
0.2685148839296093,0.37559955429636094,0.8149392746684007,0.9343879437056336,left
0.8939134173906932,0.4889095745819585,0.8864487319676377,0.6191729491764167,left
0.01877135424515497,0.6345070534471762,0.2082181612336701,0.8565146237919569,left
0.7647801364025467,0.013342022598312742,0.013137611464723697,0.12688036046243412,right
0.9933923588769172,0.8492243962168357,0.8938668851150132,0.8420594724884046,left
0.47750268502161664,0.021942452794932232,0.07844373274188154,0.5307353543606501,right
0.7768247774716119,0.24088891418831904,0.03312048323975547,0.981671329812112,left
0.11401843294238856,0.04278687638076839,0.793439571731463,0.3261143521874945,right
0.3688674444551747,0.07993855356441226,0.19125922683736307,0.2910808969330596,right
0.3153590658890907,0.3105548832839671,0.20641211299939155,0.6946904212585472,right
0.2589742288472736,0.8635927754661662,0.5626968110510309,0.20647461047562077,left
0.1508126776352665,0.1660298405461592,0.15707199794974747,0.2394650497795323,left
0.8311593176805832,0.6036565439673391,0.2825537522053586,0.5399648634187887,left
0.728080808297023,0.7491307026827689,0.8460269707817911,0.05441689641752423,right
0.4220710790949048,0.3072996059134352,0.2598064494285013,0.9664828249640823,left
0.9655222440373761,0.9670619775103314,0.2617021545219299,0.8349178235592666,left
0.397415510310557,0.6186320089373697,0.03518008966613906,0.8377977192166911,right
0.704409625116157,0.9554797354260517,0.6748661203476185,0.7541451151601555,right
0.546585382070353,0.9571594862112727,0.946731347002681,0.6115940559499415,left
0.26321943587944807,0.920795785692733,0.017032141858940197,0.06224497350422176,right
0.0193601948200256,0.7229393650512094,0.8200476127194855,0.2575514455928294,left
0.983806640849752,0.0566308496772302,0.05042823847033984,0.332175988693563,right
0.7413225375707354,0.4061608931813542,0.8842477778264004,0.7941776866001433,left
0.9689378811081816,0.4171147221625289,0.3630575772012229,0.9927622706417323,right
0.04214375144154703,0.14108462836025426,0.7460858675517411,0.7601295138220583,right
0.9948534694401845,0.6833884200709968,0.11956547630372427,0.11404161995544893,right
0.8401185359550923,0.433344779102274,0.4071602073316194,0.8771926402500103,right
0.44951390341902053,0.6564617904549067,0.14359399313446086,0.8626015971024219,left
0.32331725658602983,0.7111768410001741,0.38166745359031473,0.24146201147117474,right
0.19601041687295018,0.6032713103857482,0.5030723749122853,0.1832570992574738,left
0.5293626721922867,0.1564904048485244,0.6851494140392658,0.7590643112666546,right
0.04798731713346549,0.19289752367608592,0.33428372988509747,0.9391033015009739,left
0.8888645386740416,0.7369736571194471,0.5956325735110714,0.256230595259592,left
0.7583483193611781,0.9164912834192359,0.8633646574446756,0.9198823732876055,right
0.260612895903227,0.06791112277987743,0.7759478712172183,0.2634031447781062,right
0.18800029755870695,0.7936356094124165,0.8079614055048633,0.6711834750830631,right
0.7691097131576815,0.11172540809899778,0.2579741696536201,0.7440267406768756,right
0.1893340772685529,0.1516926423427828,0.5794475301027114,0.8901286104539463,right
0.06140406495592565,0.9159540915760885,0.20214849822477332,0.944030463734268,left
0.2724604907484929,0.5505700156506678,0.026257772882141817,0.9424187877813279,left
0.2286535321539228,0.32783725558188315,0.6646799301374708,0.0219798653545743,left
0.7673464316753473,0.9789084046059492,0.6012780113189625,0.17425149357420722,left
0.6599968138908424,0.888130125684516,0.523913540419983,0.5166771856038725,right
0.44093572793581504,0.39636529460870007,0.7994232161730908,0.8955793105048507,right
0.2184253782312754,0.45085169717312057,0.7810609413337277,0.9899247479649596,left
0.6380149045793932,0.5997657437249528,0.8363484645243244,0.9829503693485697,right
0.9874437737701632,0.7571124359347409,0.24683103616039448,0.39565934605407926,left
0.28225057133787435,0.0385926908994535,0.603072672204228,0.9808780675512105,left
0.11526043449461387,0.8787399414759501,0.7898526848974738,0.21295444702015354,left
0.15603338094631036,0.7676554571568269,0.2806628441155474,0.9976656911858909,left
0.4093414055239366,0.5724999117548984,0.8315653154815131,0.047626920303186715,right
0.9281593712074702,0.9249842796539598,0.869072016303696,0.8843773494376168,left
0.9378049953662569,0.26727279366847057,0.20522686064739726,0.08006281409890015,right
0.10367291636996545,0.15262273679646643,0.9191014936824361,0.10576690690690349,right
0.42899539980229295,0.7545374156806238,0.2850579988611671,0.6914888598704969,right
0.2922314348292706,0.6444510265325247,0.5897663933576963,0.008246038336196526,right
0.8143764350071088,0.7864968546158781,0.4099361122451728,0.510881834164042,right
0.43451450922738055,0.019651061626214772,0.047568093786319765,0.8658386347913117,right
0.5201025372330592,0.558858658748857,0.5124988676623495,0.24320454216417897,left
0.763296989455161,0.412281279583549,0.07779397482269357,0.13805828439649004,left
0.1613111846820393,0.11406943320530827,0.7524561176538581,0.7388694357181271,left
0.7571882955829181,0.39573288117603056,0.42125557363706456,0.6588704571923661,left
0.28849090098048624,0.5997586876945888,0.2826339162452479,0.7515044436635917,right
0.07312294484173087,0.3047006645375899,0.6832003777783008,0.22188044190579426,right
0.3341303750061213,0.5965202345841275,0.4732626769604106,0.09712896417997463,left
0.5248045315300874,0.4673029175145459,0.7513759756223966,0.16621285588468326,left
0.05961286719895742,0.15325973613478705,0.6421139644036415,0.3978773039201443,right
0.7804585938435354,0.5681498037211996,0.7735999427059058,0.36817545937521856,right
0.17179937575152981,0.6805276509243211,0.7002972316443519,0.1026212514099486,right
0.07626341655616165,0.006842772193387248,0.5382666843746456,0.7061705494407994,right
0.6713303477437533,0.42567045362741907,0.33653617820476445,0.03584903096681691,left
0.056317589580771044,0.10926910558456882,0.6945730429470982,0.04799336168118151,right
0.15341378889198531,0.3868391972732107,0.36182249316817505,0.09378803231385724,left
0.17164779943003783,0.3843724810614332,0.6617580445619019,0.1540811713266489,left
0.12259953209490393,0.6747674391316314,0.9504802646332146,0.6093152759054635,right
0.8927411156405375,0.28117700618133745,0.8440910234948685,0.4325848880965596,right
0.8669349734497165,0.5533210826597358,0.3650697220430137,0.17022481830234226,right
0.35713447493174866,0.15106411091544192,0.6126195249694583,0.8858470774444193,right
0.9861296973800021,0.4001096313129817,0.9876225038457987,0.5918251197023944,left
0.6885977917253148,0.18523119500255103,0.833746653429467,0.4168889306441462,left
0.5791631635267477,0.8718631753318717,0.8856114960314242,0.6676967745205817,left
0.958731387969259,0.23320163743893696,0.20206351871181627,0.11268416664388525,left
0.027811824071966473,0.002368425398364793,0.08217438321068016,0.9134295541638685,right
0.09221423999333878,0.013062132357716472,0.01016690104537421,0.5635073129120468,right
0.48710682394746496,0.39492134660118916,0.9637282352019495,0.5621535804024836,left
0.08324461474524003,0.6166599053395663,0.05960545283848839,0.43800657378249697,right
0.7750279487039827,0.4588877053036341,0.9787635510353159,0.5853883100888022,right
0.8663119120111858,0.11254761042338779,0.22819837154441236,0.6212930058978041,right
0.9966016489058501,0.5643378297227075,0.5444399419390387,0.29419405424092027,left
0.5442703755981442,0.7262217260651883,0.2610130501004675,0.09906342490921305,right
0.613597240984751,0.15277473420687915,0.4276945693348695,0.9792249011494185,left
0.8259673453299637,0.7495334555766318,0.5687212874652158,0.7502647511244803,left
0.3965253441399812,0.5083975494141248,0.5636790316523449,0.1156171523264985,left
0.01192878381264495,0.780449547851255,0.5151625227990152,0.6976597770140862,left
0.012183879411109544,0.07251151509674991,0.05282952974177546,0.8119775990466609,right
0.6387854780479194,0.5668536768921233,0.5982514906186128,0.5200487362672253,right
0.001636704417326218,0.9660589956899682,0.8261124379069181,0.1080748081265015,right
0.5488221758900986,0.3289784127297031,0.4972641875591809,0.03249961108074462,right
0.545533581652998,0.35815271025648565,0.24521918817682953,0.8400836635219389,right
0.9967043019481236,0.6012679365701158,0.426684888307004,0.7001529171903813,right
0.9463075768683908,0.967468115622248,0.18493108014124737,0.4058005104052057,left
0.8904946400914273,0.6425008299464324,0.655891779161086,0.5079780057233342,left
0.4596212911825861,0.7517567376049719,0.9493562844872098,0.6632570812053025,right
0.5444063548250425,0.7201412717382547,0.727180088882651,0.2736864813249842,right
0.8985818525312483,0.029884172221083083,0.7885817558232696,0.1597310173946651,left
0.8903663683144963,0.03809333423914196,0.17734102932846418,0.8446497678579622,right
0.9635932818694317,0.866075362704277,0.832300677207945,0.6322976203000079,right
0.0890425322957632,0.6072279253551428,0.984196257040099,0.3442834532881197,right
0.4573306110579717,0.13212450966656364,0.4664706796774395,0.14405072363330285,right
0.24100623654836484,0.8569952178613143,0.721569998064926,0.5022482053953677,right
0.03348305767548099,0.1988811808070572,0.04780619067899794,0.37326994913956324,left
0.18880195317300874,0.48121897921023693,0.14564194042572254,0.999692224847511,right
0.5593353079135926,0.5159592827063485,0.2895015365032225,0.008955945878048377,right
0.013853600993361526,0.6444484470110765,0.10152536751229091,0.7256061752600084,left
0.47812783825133687,0.8056811192724004,0.9295775141390196,0.4348834149602444,right
0.1789402721742357,0.7510351769534066,0.5759038164720306,0.09386268563845901,right
0.17631180203179597,0.1664993389042282,0.8262062459571666,0.9914629788287634,left
0.5448550111526236,0.7880819854652586,0.5818454295693035,0.319602556628656,right
0.9482148427057154,0.5943579777652432,0.1323710565482934,0.6547716711362257,right
0.23048316999292495,0.06084757851904621,0.560580798720608,0.7297698455333297,left
0.22245992340085174,0.7826528221465046,0.3427287465593347,0.8457259149053066,left
0.8264897586857581,0.4169147882188009,0.3875758236461556,0.6447407394307663,right
0.0037438835136910376,0.7985420646067439,0.04732650790455717,0.5749904774185806,left
0.4459955686548638,0.459453813457127,0.6070405004372271,0.6543859442378227,left
0.5320938518599312,0.5290513567554636,0.4610937745362548,0.5248848114370072,right
0.17289241949450207,0.36902824154141356,0.4152423361666502,0.7123719249571365,right
0.17695716103896353,0.10645821492341134,0.7124515471142076,0.4036591587215621,left
0.22899763464703804,0.5429883985020394,0.20130382764819588,0.8481276830609256,right
0.2642738247705114,0.7023667223458662,0.165606651649014,0.9341566430675242,right
0.8134430640322202,0.2105351112888436,0.0003291131567152439,0.6047993759569451,right
0.23280107020092533,0.3648311630784482,0.6646419194021376,0.2879465854281099,right
0.38153308146589726,0.5628337850010211,0.3547337083136364,0.42996005666807235,right
0.3891591969019471,0.3059199250416781,0.43230105005655584,0.2462215513058057,left
0.12840838331337034,0.6952129776761313,0.3198248181782418,0.5864243280689175,right
0.7014859112322852,0.8901840527740156,0.2625120716530377,0.28885877962360895,left
0.9683990811947414,0.6276475318768436,0.4554800365432774,0.2762327704744555,left
0.8409744722352184,0.2845696191136714,0.6806886056479897,0.011079176394735546,left
0.49272039867493755,0.5461297956609595,0.9780240409601675,0.40738568404627595,right
0.2089423144023198,0.7131186507966356,0.4302620194858794,0.13472121518933822,left
0.32114820424753454,0.7179660244310202,0.45968511191051253,0.3603745031275478,left
0.09898924482834093,0.20098334801335704,0.9184795507357925,0.2658680393885663,left
0.8298724643312555,0.5984911824576553,0.23990569927457484,0.9865111672377316,right
0.5887204249510853,0.6918894061784717,0.7907215629771657,0.7204220278922725,left
0.7852249365035979,0.43184521458230707,0.9500884728234322,0.23532902180449466,right
0.9978806257886105,0.4339638332913842,0.8455701039079604,0.5783129500197093,right
0.14655623292449438,0.7932539758735745,0.9702405316928311,0.9014177116042188,right
0.9056510791414271,0.19078654249428106,0.15091664383489856,0.4865320037413541,right
0.5255498071190814,0.34661966792463017,0.6549629392905751,0.7410527899854569,right
0.4833200783725624,0.7132186371161603,0.39050244932324074,0.6785516059363843,right
0.4002030589572798,0.7767681823702597,0.9095991346862637,0.15928186330756855,right
0.9277830555082575,0.9523441200534422,0.5879847193940505,0.9142897476811485,right
0.16028730974448713,0.18871099538236924,0.878216386778806,0.6452356488814648,right
0.14832259836179917,0.8704587161973316,0.9980231454982276,0.7547482138606386,left
0.06757849086593681,0.7735840066691583,0.8588563050822646,0.07537364934915236,left
0.271743003618125,0.1610641815375975,0.9944374024361582,0.897445911958908,right
0.07566559803147355,0.7995089810217717,0.2937754682929191,0.4660823619068253,right
0.2711244959757172,0.12912053074728247,0.5649093365395518,0.2028710552304629,left
0.11942559635107819,0.9755010275500234,0.8512389911997658,0.8100844250683352,left
0.9437246452866773,0.9886509355118412,0.7974034237071141,0.510017281693762,left
0.3058002490227276,0.1632512536288021,0.5494909068899889,0.28974151658324543,right
0.8553510532719686,0.45329452189631014,0.6462526815071697,0.005016145817168249,left
0.3484816939516471,0.5592003989955848,0.1945446465188747,0.60281664050441,left
0.14877581327254297,0.32459438734984314,0.6153324253727465,0.23222690591848283,left
0.9812603848337664,0.06297918540130609,0.02019445620559357,0.6587744586701679,right
0.28686730760904955,0.515411721470967,0.42723251346923774,0.040269394730100494,right
0.344977416967578,0.9761411603973394,0.17038020004339505,0.6393055917430749,left
0.2640033492877383,0.3619223293777939,0.7821294708068144,0.9153766230925556,right
0.8095381557388555,0.8048575364966711,0.058871194901219726,0.3342083330036766,left
0.5912839916115615,0.13859493129240108,0.16125939358230046,0.6042262042569736,left
0.8836177440428991,0.14423708648057287,0.6782708809679379,0.39864601670232924,left
0.11133875982922659,0.0028588333592269866,0.17537593618469038,0.8762497702830114,left
0.17031537751692982,0.6795135430736411,0.47382986229748203,0.21902580730661358,right
0.6369262821432597,0.7773353933694135,0.02383625150783053,0.44526398161910197,left
0.07082926350249064,0.5921412914716365,0.7346752390688326,0.27200777213671234,right
0.7128324171080258,0.8957579234775549,0.6663762870654625,0.10730815114101655,left
0.8120942421417295,0.647712598018152,0.12433022798911797,0.5724842698787416,left
0.1637408844477215,0.932569689258766,0.6726225009247114,0.6411955314001838,left
0.5713401559349891,0.9528216504118645,0.9635038052027859,0.9791219039846951,left
0.8949649747124636,0.6735804994057056,0.4217558008800869,0.9208744056333854,right
0.7623661215739658,0.07626906818290102,0.21083166608772375,0.7069308329925509,left
0.5970118756953602,0.033616406005513744,0.2785987346897738,0.9508645556455196,left
0.03468659860258805,0.3559871218647376,0.5719562267503607,0.5849788632687593,right
0.3437097459963916,0.6915307787570394,0.7539531176676398,0.8623610121273229,left
0.821698732762252,0.650310579558951,0.7774779045959134,0.9592742531859086,left
0.19281131246424965,0.3047787774471178,0.0710317281337931,0.6770154930601253,left
0.2879722548841178,0.5146875178127671,0.9618331876235527,0.4334710603236861,right
0.1186163174731788,0.9398081538574398,0.1955885626456979,0.26511350112923526,right
0.7366213897104045,0.9919342558184026,0.49319699312789034,0.007647834985292201,left
0.5384525662785241,0.4636663182648064,0.7161606709842417,0.7046640503632229,right
0.11583381622436839,0.45899835976982906,0.11007579555876723,0.6291704649070162,right
0.20794810626537108,0.6428509029211537,0.24568644508151583,0.47424698051967396,left
0.17182470227911972,0.10270537705671612,0.28698899290110225,0.08594311842281199,right
0.03743016739459548,0.41348958570068295,0.7127185577059749,0.9368143184272173,left
0.9472644191981419,0.2936769746187824,0.9714775717529875,0.11938977419313335,right
0.6205016382091125,0.0915503498305732,0.6699843760975369,0.416817151896295,left
0.6075335271576046,0.08838267024040714,0.6464960735483496,0.47922362490435133,left
0.4888957114065833,0.8081133425321607,0.001561111758134115,0.3247143495542616,right
0.4988901376237983,0.7934330869524489,0.9603147442096835,0.46887896477479796,right
0.02775853663972383,0.29384162731153896,0.3506160531775363,0.3414205774080016,right
0.5413801020696937,0.7996865485612497,0.926324759475705,0.9039132615538068,left
0.7378895712482609,0.8604191425373301,0.5080970617604986,0.3070794193130165,left
0.273509674922227,0.514387549726558,0.32549207676982994,0.5004905544578583,right
0.15678705097623113,0.8746078888138211,0.9783711965609738,0.31048919572359235,right
0.10650255625969784,0.4012405497214224,0.04438044956182885,0.8659470250811309,left
0.3980700266495796,0.4482122633331963,0.7760104565535184,0.99870838928383,right
0.6696558386757563,0.40048549618168117,0.22396291272750923,0.36779690040579016,left
0.9959954453050073,0.2622421835840556,0.44983179529744133,0.9722718920593378,right
0.5325966653711129,0.020542783369770445,0.9730492412580717,0.9162767698427925,right
0.8538754925365526,0.7131111520713406,0.6558870638438434,0.6447732382087191,right
0.394335286728844,0.6176437617457823,0.26408886536979304,0.5560208022677432,right
0.5172281164403745,0.5668411300572246,0.4086646326350525,0.8383640838293102,right
0.37049123772643533,0.11475845441979182,0.7981671921100989,0.09411417918169118,left
0.6687277937775686,0.5801826474095831,0.521257620409691,0.20835360569044292,left
0.8312484761464716,0.36740162706814516,0.17069516104806237,0.4961420027264194,left
0.9309294011347797,0.03324593169572565,0.8225503942815728,0.8302041574565553,left
0.36683154661887496,0.4728673719533505,0.12194317921678499,0.5511411044823048,left
0.0996206844906895,0.5717178150620658,0.6462296659220824,0.5614614045971034,left
0.9359153452388632,0.06254042032846352,0.08294322938371046,0.14751727882350085,right
0.9320858097083384,0.7148587973395704,0.828020792281242,0.833526959452471,left
0.9975148210516981,0.7930065771011358,0.7164733421409342,0.04572265535788289,left
0.5286467424153035,0.7804307239988204,0.9584031856340652,0.15600351913591937,right
0.6974414034585048,0.7724742795038435,0.7414312267583193,0.15342030063144407,right
0.11002221238046994,0.0455498848437883,0.9744620311098647,0.03273549494362593,right
0.9150269407595529,0.6087936039738227,0.985490785208604,0.4115392330314439,right
0.04300632339857413,0.572875472194515,0.779891512235747,0.9133079973077144,right
0.7658816278202143,0.19418371921503297,0.5331744043030067,0.16997811170287425,right
0.8028495274363882,0.41190882962124953,0.8686940474355972,0.2558395256610627,right
0.22985774208625387,0.9202140681142394,0.25169814122405376,0.3338915542203521,right
0.16992869613531536,0.6807704715615592,0.10573952277141352,0.25880964816701746,right
0.31636068720535493,0.9827386361801932,0.6984192898419963,0.3621492266183276,right
0.6678473864611008,0.2445674870768999,0.5945827165344514,0.4180397143887561,right
0.44147473820818706,0.565579815231383,0.6800742098393451,0.1751902221400855,left
0.9512384452339309,0.4786775366135103,0.5440108042962247,0.2930766764608407,left
0.968060554216066,0.704587023723916,0.4206215947755505,0.29858341877322403,right
0.8606324311940186,0.14305188294430127,0.5333432219733575,0.5941284020126352,right
0.1815810719435701,0.4866103712551457,0.0699379173419098,0.5721156959409441,right
0.2704871040673399,0.7781743836433561,0.7517702258714496,0.3864121029424733,left
0.2660760185614256,0.09899949813775921,0.07862720820542202,0.33929250295380176,right
0.5963462788943479,0.8745838507494693,0.6104629506528688,0.21197809732155026,left
0.8645895887493095,0.671526372846902,0.13036878386395412,0.028835493155069836,right
0.1865825850123678,0.5676374254878858,0.4776400764432214,0.5083566388701989,left
0.7510016060766672,0.947462828197527,0.43856533202686865,0.3182425245884116,right
0.5780213705384142,0.017814514685608795,0.9607795889815537,0.7158868411634924,right
0.6113794736272864,0.8501860413070214,0.15692222055698213,0.22877524429621043,right
0.7097474194641513,0.649090277839229,0.127716808189424,0.7252265201712057,right
0.7695268843523356,0.6046812528703648,0.10020644797288114,0.8418234557026957,right
0.9201422814678784,0.26773010442676437,0.303963433201616,0.3400985550712916,left
0.8793971506346969,0.5418835325499801,0.31506725612307196,0.9486793796349843,left
0.777401220283986,0.2644520959938492,0.24700899457535141,0.7104606342151126,right
0.4692260295895774,0.7164103527525933,0.6263989264603419,0.10607147135915407,right
0.33284945555791456,0.6966453868098479,0.3483007481738607,0.14521157311871669,left
0.034224784518818385,0.7221144153691021,0.884297574592588,0.5122573434341648,left
0.49629274695683867,0.576442211687073,0.10494610587843312,0.20302856376318923,left
0.4572097691050482,0.8249733183116785,0.8531599071158422,0.33460963018570034,left
0.08121284931380568,0.6977889953734274,0.5799380013902666,0.24844670885036302,right
0.9103286474006942,0.816347675827762,0.7025105107267648,0.2984233191887322,left
0.8973545388962902,0.5743798639447205,0.23159562855636595,0.42806335814235075,left
0.886944000146319,0.2775365955779924,0.03796704386172611,0.13138755658186319,right
0.7225329185736592,0.2633798172645542,0.8076697430252021,0.6716029636431312,right
0.5177649735114247,0.8550091005746643,0.15962237395545809,0.7717609295983694,left
0.6809430349520115,0.7525675213451924,0.8915960930117519,0.503432535765194,right
0.24278071696971493,0.621031238540894,0.01669851011051393,0.11556325050608685,left
0.3339944487637806,0.19408195147777074,0.3517939855671053,0.7961317055956881,left
0.7054170272852948,0.9152542491133309,0.1768938723848973,0.5606034835893968,left
0.8776918301658104,0.9673116970328671,0.6064928628698025,0.7337466468310958,right
0.883143058736544,0.7185066861697365,0.3470912447576442,0.9713868834705018,right
0.23513575406444565,0.07411979318790951,0.343282511712078,0.8270311351186385,left
0.7398756880766797,0.261997145965709,0.3949509910987824,0.7222394462426827,right
0.28253639980077294,0.4233129892527183,0.4863303028762046,0.9221498279492677,right
0.28982444522154616,0.1714614255798943,0.4409088295360426,0.6365906794980097,left
0.10411453667607451,0.9080932246887591,0.8870648435587314,0.25071000189799786,right
0.836181179718303,0.8121486302662623,0.5936216082641776,0.7723904399161653,right
0.04502213399743493,0.7901396862680483,0.4558792287008826,0.47371071459334746,left
0.2180459091008553,0.3496347610166115,0.08819862610418361,0.7708744045050113,left
0.06244305060893329,0.604954720901226,0.5151087050026207,0.9779349032602038,left
0.34896297684485855,0.8287429500001632,0.17113907097424008,0.18463931618425233,right
0.6969289208056181,0.6536279778969859,0.9898076331160277,0.1211772286303483,left
0.9946041459339806,0.9266078711869936,0.6598746154218966,0.3078423497502323,left
0.38933904827435006,0.8866596127070927,0.8392953029314293,0.8208149362309172,left
0.47146455507356355,0.5993793000388684,0.41277363460977945,0.8797055255618145,right
0.30024678523854575,0.7512693093635845,0.08619898875305787,0.9509505911465226,left
0.9752154421445108,0.3175649888016847,0.7218346511730628,0.3433904163011757,right
0.5087184349342907,0.6879386963316853,0.566686818645939,0.8966189378867903,left
0.8524999426903765,0.6001831174734883,0.7996762033755572,0.6966427541747929,right
0.27266848288721135,0.3018344980383755,0.8865132827223352,0.3018135836706214,left
0.8881248244312362,0.7157499670980376,0.12000697535115534,0.7368603463946723,left
0.4093027393718044,0.2333353032605594,0.5110138760588457,0.09841162361612343,right
0.5112958997087141,0.0917328832419203,0.150489993590319,0.5679657795249398,left
0.2352434613558062,0.6207899916370329,0.6923813716318,0.7816478322534046,left
0.0677411939739696,0.8857533196577181,0.5468408598084499,0.520697225479289,left
0.18990412982051186,0.09013819451389771,0.8349678359477528,0.2592851975665875,left
0.20162006019447365,0.32421377146608743,0.5944954852047966,0.8113222747102845,right
0.1607429797165516,0.1639249894551309,0.12033655904276241,0.6747769181214536,left
0.09332273031185112,0.4555260782940139,0.6621563862294433,0.17809960278758186,right
0.4487711984800875,0.07415104885638302,0.17116350956510828,0.23400538835386764,right
0.3074981445337802,0.7966098831672652,0.2367424516098786,0.6278459217369026,left
0.3511879670811898,0.04958976218917566,0.019091444264545898,0.16907817163084238,left
0.18259832768700002,0.5398974350922316,0.8462589369788088,0.4607530870303864,left
0.013526695080886664,0.9876440175947162,0.8754350970113379,0.3035880102286581,left
0.4431389103713639,0.3829123126326991,0.248959109491399,0.9100867154644018,right
0.12311130281799865,0.8789373134452085,0.12846021267051533,0.7153971607297241,left
0.3476286660903407,0.4401628106500035,0.40743849678082533,0.226027957149032,right
0.39531982069703564,0.0075792198470546746,0.9156095526490453,0.08362867354490489,left
0.3989987159945174,0.17579522875452092,0.19642828972757542,0.2275162789710643,right
0.4132175004138363,0.1830047772396265,0.8481249795849712,0.4321261039106743,right
0.6959897458092938,0.5306615119032947,0.5525347134093067,0.5434103424175185,left
0.20833386910217344,0.5443529399566942,0.7437336330217702,0.9736322329102988,left
0.35269336324046185,0.27798917728325945,0.24525164400810107,0.983893421448203,left
0.15366508941959556,0.7960390438037642,0.47995193546110293,0.9726651461206154,left
0.37728259679055265,0.9063462298609589,0.6953297931558974,0.2303449978811658,right
0.015066471859116914,0.5674892208419111,0.03097191205944194,0.5101211207784532,left
0.6099300600930174,0.6409380191351729,0.9858799395636786,0.474926811631604,right
0.10005239361242979,0.6425711781355603,0.9883248340651262,0.899512675374996,right
0.08138392564644803,0.5935388227636983,0.7431262103952396,0.02923924464604344,right
0.12364672764177398,0.07104568419396096,0.43551600414618397,0.45564837061181296,left
0.1030217886034337,0.35229262580700205,0.3541550966293021,0.7495396478982927,right
0.9683984554056481,0.8618229471014269,0.45675340613900206,0.35987971455351164,right
0.7725613390303778,0.6359532218197737,0.0717857599242211,0.9771456834976825,left
0.7563496445457597,0.3448125089748627,0.980947587714067,0.673201963839466,right
0.22382913478280209,0.35026494859366053,0.9556347448115755,0.8877673445550343,right
0.5538219152664811,0.3940215478079966,0.7689715782141935,0.4962806182133781,left
0.7123039727282896,0.9265998243979592,0.6939565742342201,0.8192799774565426,right
0.7284840991375612,0.45502935497078945,0.3921047439163837,0.9018210920394537,left
0.4581880370460184,0.6293886690883664,0.5313506354648401,0.4643020175034027,left
0.9849058179180052,0.2846995586517729,0.14460194843601248,0.10678451734274919,right
0.033746079713184995,0.9204509131031654,0.23013785184704494,0.7235133791634709,right
0.32469676346200327,0.3839733324158886,0.6132338989831108,0.6567486716203468,right
0.8890451432233718,0.23372997708233545,0.46919583976112933,0.6203009568900463,right
0.30040901700712785,0.8275334073009611,0.6891259560433073,0.5055241897639215,right
0.2689377683566767,0.9004436078720569,0.10374800867534928,0.8688087164518423,left
0.9030220266465385,0.6351053706129887,0.9465858073565474,0.3094032074224925,left
0.9621823751313219,0.2343777907454897,0.3291763000851463,0.8110545691151471,left
0.29791419559576215,0.4019770828785778,0.39419312777754734,0.22744365122237964,right
0.891517073291567,0.08362237765749725,0.021981716604871693,0.9705993449178396,left
0.36710131598495344,0.5327655706834449,0.5185379710078182,0.7194242313664141,left
0.5777434229527946,0.021435209088646046,0.053811806590362554,0.888017989859322,right
0.6653355167752071,0.3477937916610001,0.6074441013617926,0.8180475496796156,right
0.6088121612604249,0.9615845413334899,0.506596836614352,0.8448891652803625,left
0.01158909088153448,0.5606544548741552,0.2786383816478808,0.30407089899856043,left
0.24398770126405722,0.21555332889555634,0.0894842104494824,0.707308305667887,left
0.9448312848197199,0.5342783598592366,0.9739315251638794,0.3981236759688245,right
0.358348852359047,0.882301015797846,0.10239583634636418,0.1068961830150369,right
0.6506409573367224,0.2920217521700904,0.034955153255281646,0.2519192968001651,left
0.5195258841028437,0.7518054071643244,0.3456463282503891,0.02098836881026167,left
0.20685162029272575,0.26407660890645,0.6563981410945592,0.5905198392291084,left
0.48187260967717027,0.3323524138894898,0.7030835725402166,0.28119293916310295,left
0.10624396473803266,0.4433414342436388,0.41181590019590275,0.14711296052195444,left
0.6195855333823633,0.7530874155132806,0.3587416257758226,0.21220874963813297,right
0.539681861261429,0.7666975643447188,0.6913550617808021,0.02728665619499082,left
0.7032912940737399,0.5211269979042964,0.2637103289234092,0.08074194494274312,right
0.014823310115057997,0.0017756498399862375,0.7302079683982758,0.9164127997388812,right
0.3901924855794041,0.5086549350570657,0.1362344522962854,0.9062212063723272,left
0.7822357115709642,0.3591856643109046,0.39232131988601293,0.9527888902060485,left
0.9514821266789418,0.729049530737523,0.08797282817355112,0.11200550989627622,right
0.5925547695231559,0.8092916536549428,0.1961007296075027,0.41372470805184325,right
0.7038977009495512,0.3413865008718774,0.07076923407314828,0.8738670356783241,left
0.17094152165628584,0.852451253325686,0.21153111749460185,0.3165477684519119,left
0.6252167943253347,0.8439725130708705,0.752189873511709,0.053831164904968865,left
0.20043647410949317,0.9428191616538555,0.016815973090448466,0.47531568961145565,right
0.029335006267813934,0.7209789870983258,0.09071458879123206,0.793618219630962,right
0.08036907378048763,0.2000340682265327,0.787831880321635,0.486302916380689,left
0.0026487114258563205,0.6336818089976581,0.06162135795989965,0.2759476911428701,right
0.3749439328640092,0.7684364155567506,0.8705308268430436,0.9925719714413642,left
0.06354946555533236,0.5075125836990919,0.9822548611341372,0.325338232437952,right
0.6376048314860804,0.5103428649246178,0.3902404041712827,0.5157683299024108,right
0.30990157874587076,0.5621110088179323,0.5725563418789275,0.5001341975450465,left
0.2761042218278108,0.3599177081841377,0.3896981951548075,0.862331524961893,right
0.11912913738382991,0.7562806094246961,0.6883311800420164,0.29134315526248655,left
0.3650022469471862,0.8243295443919938,0.18312461533133717,0.9113380742973424,left
0.7120912014752581,0.02297584141131981,0.7714116752454542,0.9624868965023348,right
0.5439375253343326,0.7550683165038801,0.4501994022926754,0.8961104948287848,left
0.19020811235135993,0.301715563217714,0.48357128815461226,0.19363402890666292,left
0.9536445605067506,0.7533915825467595,0.7002178929661615,0.1319988803166383,left
0.4897614543391313,0.6156327910442659,0.8567702148690314,0.7978038746645687,right
0.031139286075750117,0.12093111516355326,0.550152171469447,0.19917229860275998,left
0.9554381073957706,0.5448110035919518,0.3357001403771832,0.8371137120710147,right
0.9063551427329608,0.3775929221984913,0.23561809758149543,0.4455024428374573,right
0.7513906371293828,0.07931690342677689,0.8279633735276568,0.2148827486002336,left
0.47101537984507935,0.7768542206652663,0.43663950916692695,0.06128866520205822,left
0.8061527738159382,0.9950923112557989,0.300633860664142,0.5738610150683783,right
0.4168696182460707,0.1632099332669874,0.44813054378863293,0.31504062271580724,left
0.006482483676874873,0.44989558321177947,0.09164823906415454,0.08030139939962799,left
0.6756891258495443,0.4811148138826219,0.46618333850823424,0.09289561503495125,right
0.8458270141032808,0.6375517679362129,0.008557188967187379,0.6320333773964252,right
0.895381758441815,0.8252174849734272,0.46281653463727224,0.6370409395680853,right
0.7030576431814473,0.649573560185515,0.030853505548635862,0.38415304897723257,left
0.26405380256128275,0.09791508656065961,0.9818797294159997,0.5207153994130728,right
0.9341614981240177,0.7536942590256029,0.1448889460977656,0.884198076619215,right
0.4677412570175581,0.14424112701185843,0.6834264366654869,0.46579483517491627,left
0.450494264910272,0.28784504159638613,0.6519580439559228,0.6290106714128942,left
0.4819292936717685,0.36004629169651925,0.1897121491092878,0.876442893826243,right
0.023826699704555088,0.896544519693459,0.34064868318044683,0.2381396136159475,left
0.7556818042916481,0.9916506234010904,0.8040549821245292,0.17369296673171197,left
0.20876065732342508,0.9166769498688265,0.12950927014155034,0.5107631121240888,right
0.018842452417928368,0.7592927673911163,0.22995489054030516,0.7562224717316754,left
